;GlaThiDa_ID;NAME;RGI_ID;GTD_AREA;RGI_AREA;DIFF_PERC_RGI_TO_GTD;GTD_LAT;GTD_LON;MAXIMUM_THICKNESS;MEAN_THICKNESS;VOLUME;status;remark
0;210;Devon Ice Cap;['RGI50-03.00721', 'RGI50-03.00724', 'RGI50-03.01454', 'RGI50-03.01455', 'RGI50-03.01456', 'RGI50-03.01460', 'RGI50-03.01464', 'RGI50-03.01465', 'RGI50-03.01466', 'RGI50-03.01467', 'RGI50-03.01468', 'RGI50-03.02311', 'RGI50-03.02328', 'RGI50-03.02332', 'RGI50-03.02340', 'RGI50-03.02342', 'RGI50-03.02344', 'RGI50-03.02345', 'RGI50-03.02354', 'RGI50-03.02360', 'RGI50-03.02376', 'RGI50-03.02428', 'RGI50-03.02429', 'RGI50-03.02430', 'RGI50-03.02431', 'RGI50-03.02432', 'RGI50-03.02433', 'RGI50-03.02434', 'RGI50-03.02435', 'RGI50-03.02436', 'RGI50-03.02437', 'RGI50-03.02438', 'RGI50-03.02439', 'RGI50-03.02440', 'RGI50-03.02441', 'RGI50-03.02442', 'RGI50-03.02443', 'RGI50-03.02444', 'RGI50-03.02445', 'RGI50-03.02446', 'RGI50-03.02447', 'RGI50-03.02448', 'RGI50-03.02449', 'RGI50-03.02450', 'RGI50-03.02451', 'RGI50-03.02452', 'RGI50-03.02453', 'RGI50-03.02454', 'RGI50-03.02455', 'RGI50-03.02456', 'RGI50-03.02457', 'RGI50-03.02458', 'RGI50-03.02459', 'RGI50-03.02460', 'RGI50-03.02461', 'RGI50-03.02462', 'RGI50-03.02463', 'RGI50-03.02464', 'RGI50-03.02465', 'RGI50-03.02466', 'RGI50-03.02467', 'RGI50-03.02468', 'RGI50-03.02469', 'RGI50-03.02470', 'RGI50-03.02471', 'RGI50-03.02472', 'RGI50-03.02473', 'RGI50-03.02474', 'RGI50-03.02475', 'RGI50-03.02476', 'RGI50-03.02477', 'RGI50-03.02478', 'RGI50-03.02479', 'RGI50-03.02480', 'RGI50-03.02481', 'RGI50-03.02482', 'RGI50-03.02483', 'RGI50-03.02484', 'RGI50-03.02485', 'RGI50-03.02486', 'RGI50-03.02487', 'RGI50-03.02488', 'RGI50-03.02489', 'RGI50-03.02490'];12790.0;14021.147;9.62585613761;75.2;-81.9;;526.0;6727540.0;True;In RGI approx. 1000km2 more than in GlaThiDa, but excluding left branch would decrease area by 1700km2. Selection based on Dowdeswell et al. 2004
1;206;Vatnajoekull;['RGI50-06.00372', 'RGI50-06.00373', 'RGI50-06.00374', 'RGI50-06.00377', 'RGI50-06.00378', 'RGI50-06.00379', 'RGI50-06.00380', 'RGI50-06.00381', 'RGI50-06.00382', 'RGI50-06.00383', 'RGI50-06.00384', 'RGI50-06.00385', 'RGI50-06.00386', 'RGI50-06.00387', 'RGI50-06.00388', 'RGI50-06.00389', 'RGI50-06.00390', 'RGI50-06.00391', 'RGI50-06.00392', 'RGI50-06.00393', 'RGI50-06.00394', 'RGI50-06.00395', 'RGI50-06.00396', 'RGI50-06.00397', 'RGI50-06.00398', 'RGI50-06.00399', 'RGI50-06.00400', 'RGI50-06.00401', 'RGI50-06.00402', 'RGI50-06.00403', 'RGI50-06.00404', 'RGI50-06.00405', 'RGI50-06.00406', 'RGI50-06.00407', 'RGI50-06.00408', 'RGI50-06.00409', 'RGI50-06.00410', 'RGI50-06.00411', 'RGI50-06.00412', 'RGI50-06.00413', 'RGI50-06.00414', 'RGI50-06.00415', 'RGI50-06.00416', 'RGI50-06.00417', 'RGI50-06.00418', 'RGI50-06.00419', 'RGI50-06.00420', 'RGI50-06.00421', 'RGI50-06.00422', 'RGI50-06.00423', 'RGI50-06.00424', 'RGI50-06.00425', 'RGI50-06.00426', 'RGI50-06.00427', 'RGI50-06.00428', 'RGI50-06.00429', 'RGI50-06.00430', 'RGI50-06.00431', 'RGI50-06.00432', 'RGI50-06.00433', 'RGI50-06.00434', 'RGI50-06.00435', 'RGI50-06.00436', 'RGI50-06.00437', 'RGI50-06.00438', 'RGI50-06.00439', 'RGI50-06.00440', 'RGI50-06.00441', 'RGI50-06.00442', 'RGI50-06.00443', 'RGI50-06.00444', 'RGI50-06.00445', 'RGI50-06.00446', 'RGI50-06.00447', 'RGI50-06.00448', 'RGI50-06.00449', 'RGI50-06.00450', 'RGI50-06.00451', 'RGI50-06.00452', 'RGI50-06.00453', 'RGI50-06.00454', 'RGI50-06.00455', 'RGI50-06.00456', 'RGI50-06.00457', 'RGI50-06.00458', 'RGI50-06.00459', 'RGI50-06.00460', 'RGI50-06.00461', 'RGI50-06.00462', 'RGI50-06.00463', 'RGI50-06.00464', 'RGI50-06.00465', 'RGI50-06.00466', 'RGI50-06.00467', 'RGI50-06.00468', 'RGI50-06.00469', 'RGI50-06.00470', 'RGI50-06.00471', 'RGI50-06.00472', 'RGI50-06.00473', 'RGI50-06.00474', 'RGI50-06.00475', 'RGI50-06.00476', 'RGI50-06.00477', 'RGI50-06.00478', 'RGI50-06.00479', 'RGI50-06.00480', 'RGI50-06.00481', 'RGI50-06.00482', 'RGI50-06.00483', 'RGI50-06.00556', 'RGI50-06.00557', 'RGI50-06.00558', 'RGI50-06.00559', 'RGI50-06.00560', 'RGI50-06.00561', 'RGI50-06.00562', 'RGI50-06.00563'];8400.0;8092.395;-3.66196428571;64.4;-16.8;;420.0;3528000.0;True;In RGI approx. 400km2 less than in GlaThiDa, but definitive case
2;166;Austfonna;['RGI50-07.00025', 'RGI50-07.00026', 'RGI50-07.00027', 'RGI50-07.00028', 'RGI50-07.00029', 'RGI50-07.00030', 'RGI50-07.00031', 'RGI50-07.00060', 'RGI50-07.00061', 'RGI50-07.00062', 'RGI50-07.00064', 'RGI50-07.00065', 'RGI50-07.00423', 'RGI50-07.00424', 'RGI50-07.00425', 'RGI50-07.00551', 'RGI50-07.00552', 'RGI50-07.00607', 'RGI50-07.00608', 'RGI50-07.00681', 'RGI50-07.00682', 'RGI50-07.00683', 'RGI50-07.00727', 'RGI50-07.00728', 'RGI50-07.00907', 'RGI50-07.00908', 'RGI50-07.00909', 'RGI50-07.00910', 'RGI50-07.00911'];8020.0;8071.672;0.644289276808;79.7931;24.6645;576.0;140.0;1122800.0;True;Some papers like Pinglot et al. 2001 exclude the most northwestern parts, but they are quite small and not represented by explicit RGI polygons
3;209;Penny Ice Cap;['RGI50-04.01571', 'RGI50-04.01572', 'RGI50-04.01573', 'RGI50-04.01574', 'RGI50-04.01575', 'RGI50-04.01576', 'RGI50-04.01577', 'RGI50-04.01578', 'RGI50-04.01579', 'RGI50-04.01580', 'RGI50-04.01581', 'RGI50-04.01582', 'RGI50-04.01583', 'RGI50-04.01584', 'RGI50-04.01585', 'RGI50-04.01586', 'RGI50-04.01587', 'RGI50-04.01588', 'RGI50-04.01589', 'RGI50-04.01590', 'RGI50-04.01591', 'RGI50-04.01592', 'RGI50-04.01593', 'RGI50-04.01594', 'RGI50-04.01595', 'RGI50-04.01596', 'RGI50-04.01597', 'RGI50-04.01598', 'RGI50-04.01599', 'RGI50-04.01600', 'RGI50-04.01601', 'RGI50-04.01602', 'RGI50-04.01603', 'RGI50-04.01604', 'RGI50-04.01605', 'RGI50-04.01606', 'RGI50-04.01607', 'RGI50-04.01608', 'RGI50-04.01609', 'RGI50-04.01610', 'RGI50-04.01611', 'RGI50-04.01612', 'RGI50-04.01613', 'RGI50-04.01614', 'RGI50-04.01615', 'RGI50-04.01616', 'RGI50-04.01617', 'RGI50-04.01618', 'RGI50-04.01619', 'RGI50-04.01620', 'RGI50-04.01621', 'RGI50-04.01622', 'RGI50-04.01623', 'RGI50-04.01624', 'RGI50-04.01625', 'RGI50-04.01626', 'RGI50-04.01627', 'RGI50-04.01628', 'RGI50-04.01629', 'RGI50-04.01630', 'RGI50-04.01631', 'RGI50-04.01632', 'RGI50-04.01633', 'RGI50-04.01634', 'RGI50-04.01635', 'RGI50-04.01636', 'RGI50-04.01637', 'RGI50-04.01638', 'RGI50-04.01639', 'RGI50-04.01640', 'RGI50-04.01641', 'RGI50-04.01642', 'RGI50-04.01643', 'RGI50-04.01644', 'RGI50-04.01645', 'RGI50-04.01646', 'RGI50-04.01647', 'RGI50-04.01648', 'RGI50-04.01649', 'RGI50-04.01650', 'RGI50-04.01651', 'RGI50-04.01652', 'RGI50-04.01653', 'RGI50-04.01654', 'RGI50-04.01655', 'RGI50-04.01656', 'RGI50-04.01657', 'RGI50-04.01658', 'RGI50-04.01659', 'RGI50-04.01660', 'RGI50-04.01661', 'RGI50-04.01662', 'RGI50-04.01663', 'RGI50-04.01664', 'RGI50-04.01665', 'RGI50-04.01666', 'RGI50-04.01667', 'RGI50-04.01668', 'RGI50-04.01669', 'RGI50-04.01670', 'RGI50-04.01671', 'RGI50-04.01672', 'RGI50-04.01673', 'RGI50-04.01674', 'RGI50-04.01675', 'RGI50-04.01676', 'RGI50-04.01677', 'RGI50-04.01678', 'RGI50-04.01679', 'RGI50-04.01680', 'RGI50-04.01681', 'RGI50-04.01682', 'RGI50-04.01683', 'RGI50-04.01684', 'RGI50-04.01685', 'RGI50-04.01686', 'RGI50-04.01687', 'RGI50-04.01688', 'RGI50-04.01689', 'RGI50-04.01690', 'RGI50-04.01691', 'RGI50-04.01692', 'RGI50-04.01693', 'RGI50-04.01694', 'RGI50-04.01695', 'RGI50-04.01696', 'RGI50-04.01697', 'RGI50-04.01698', 'RGI50-04.01699', 'RGI50-04.01700', 'RGI50-04.01701', 'RGI50-04.01702', 'RGI50-04.01703', 'RGI50-04.01704', 'RGI50-04.01705', 'RGI50-04.01706', 'RGI50-04.01707', 'RGI50-04.01708', 'RGI50-04.01709', 'RGI50-04.01710', 'RGI50-04.01711', 'RGI50-04.01712', 'RGI50-04.01713', 'RGI50-04.01714', 'RGI50-04.01715', 'RGI50-04.01716', 'RGI50-04.01717', 'RGI50-04.01718', 'RGI50-04.01719', 'RGI50-04.01720', 'RGI50-04.01721', 'RGI50-04.01722', 'RGI50-04.01723', 'RGI50-04.01724', 'RGI50-04.01725', 'RGI50-04.01726', 'RGI50-04.01727', 'RGI50-04.01728', 'RGI50-04.01729', 'RGI50-04.01730', 'RGI50-04.01731', 'RGI50-04.01732', 'RGI50-04.01733', 'RGI50-04.01734', 'RGI50-04.01735', 'RGI50-04.01736', 'RGI50-04.01737', 'RGI50-04.01738', 'RGI50-04.01739', 'RGI50-04.01740', 'RGI50-04.01741', 'RGI50-04.01742', 'RGI50-04.01743', 'RGI50-04.01744', 'RGI50-04.01745', 'RGI50-04.01746', 'RGI50-04.01747', 'RGI50-04.01748', 'RGI50-04.01749', 'RGI50-04.01750', 'RGI50-04.01751', 'RGI50-04.01752', 'RGI50-04.01753', 'RGI50-04.01754', 'RGI50-04.01755', 'RGI50-04.01756', 'RGI50-04.01757', 'RGI50-04.01758', 'RGI50-04.01759', 'RGI50-04.01760', 'RGI50-04.01761', 'RGI50-04.01762', 'RGI50-04.01763', 'RGI50-04.01764', 'RGI50-04.01765', 'RGI50-04.01766', 'RGI50-04.01767', 'RGI50-04.01768', 'RGI50-04.01769', 'RGI50-04.01770', 'RGI50-04.01771', 'RGI50-04.01772', 'RGI50-04.01773', 'RGI50-04.01774', 'RGI50-04.01775', 'RGI50-04.01776', 'RGI50-04.01777', 'RGI50-04.01778', 'RGI50-04.01779', 'RGI50-04.01780', 'RGI50-04.01781', 'RGI50-04.01782', 'RGI50-04.01783', 'RGI50-04.01784', 'RGI50-04.01785', 'RGI50-04.01786', 'RGI50-04.01787', 'RGI50-04.01788', 'RGI50-04.01789', 'RGI50-04.01790', 'RGI50-04.01791', 'RGI50-04.01792', 'RGI50-04.01793', 'RGI50-04.01794', 'RGI50-04.01795', 'RGI50-04.01796', 'RGI50-04.01797', 'RGI50-04.01798', 'RGI50-04.01799', 'RGI50-04.01800', 'RGI50-04.01801', 'RGI50-04.01802', 'RGI50-04.01803', 'RGI50-04.01804', 'RGI50-04.01805', 'RGI50-04.01806', 'RGI50-04.01807', 'RGI50-04.01808', 'RGI50-04.01809', 'RGI50-04.01810', 'RGI50-04.01811', 'RGI50-04.01812', 'RGI50-04.01813', 'RGI50-04.01814', 'RGI50-04.01815', 'RGI50-04.01816', 'RGI50-04.01817', 'RGI50-04.01818', 'RGI50-04.01819', 'RGI50-04.01820', 'RGI50-04.01821', 'RGI50-04.01822', 'RGI50-04.01823', 'RGI50-04.01824', 'RGI50-04.01825', 'RGI50-04.01826', 'RGI50-04.01827', 'RGI50-04.01828', 'RGI50-04.01829', 'RGI50-04.01830', 'RGI50-04.01831', 'RGI50-04.01832', 'RGI50-04.01833', 'RGI50-04.01834', 'RGI50-04.01835', 'RGI50-04.01836', 'RGI50-04.01837', 'RGI50-04.01838', 'RGI50-04.01839', 'RGI50-04.01840', 'RGI50-04.01841', 'RGI50-04.01842', 'RGI50-04.01843', 'RGI50-04.01844', 'RGI50-04.01845', 'RGI50-04.01846', 'RGI50-04.01847', 'RGI50-04.01848', 'RGI50-04.01849', 'RGI50-04.01850', 'RGI50-04.01851', 'RGI50-04.01852', 'RGI50-04.01853', 'RGI50-04.01854', 'RGI50-04.01855', 'RGI50-04.01856', 'RGI50-04.01857', 'RGI50-04.01858', 'RGI50-04.01859', 'RGI50-04.01860', 'RGI50-04.01861', 'RGI50-04.01862', 'RGI50-04.01863', 'RGI50-04.01864', 'RGI50-04.01865', 'RGI50-04.01866', 'RGI50-04.01867', 'RGI50-04.01868', 'RGI50-04.01869', 'RGI50-04.01870', 'RGI50-04.01871', 'RGI50-04.01872', 'RGI50-04.01873', 'RGI50-04.01874', 'RGI50-04.01875', 'RGI50-04.01876', 'RGI50-04.01877', 'RGI50-04.01878', 'RGI50-04.01879', 'RGI50-04.01880', 'RGI50-04.01881', 'RGI50-04.01882', 'RGI50-04.01883', 'RGI50-04.01884', 'RGI50-04.01885', 'RGI50-04.01886', 'RGI50-04.01887', 'RGI50-04.01889', 'RGI50-04.01890', 'RGI50-04.01891', 'RGI50-04.01892', 'RGI50-04.01893', 'RGI50-04.01894', 'RGI50-04.01895', 'RGI50-04.01896', 'RGI50-04.01897', 'RGI50-04.01898', 'RGI50-04.01899', 'RGI50-04.01900', 'RGI50-04.01901', 'RGI50-04.01902', 'RGI50-04.01903', 'RGI50-04.01904', 'RGI50-04.01905', 'RGI50-04.01906', 'RGI50-04.01907', 'RGI50-04.01908', 'RGI50-04.01909', 'RGI50-04.01910', 'RGI50-04.01911', 'RGI50-04.01912', 'RGI50-04.01913', 'RGI50-04.01914', 'RGI50-04.01915', 'RGI50-04.01916', 'RGI50-04.01917', 'RGI50-04.01918', 'RGI50-04.01919', 'RGI50-04.01920', 'RGI50-04.01921', 'RGI50-04.01922', 'RGI50-04.01923', 'RGI50-04.01924', 'RGI50-04.01925', 'RGI50-04.01926', 'RGI50-04.01927', 'RGI50-04.01928', 'RGI50-04.01929', 'RGI50-04.01930', 'RGI50-04.01931', 'RGI50-04.01932', 'RGI50-04.01933', 'RGI50-04.01934', 'RGI50-04.01935', 'RGI50-04.01936', 'RGI50-04.01937', 'RGI50-04.01938', 'RGI50-04.01939', 'RGI50-04.01940', 'RGI50-04.01941', 'RGI50-04.01942', 'RGI50-04.01943', 'RGI50-04.01944', 'RGI50-04.01945', 'RGI50-04.01946', 'RGI50-04.01947', 'RGI50-04.01948', 'RGI50-04.01949', 'RGI50-04.01950', 'RGI50-04.01951', 'RGI50-04.01952', 'RGI50-04.01953', 'RGI50-04.01954', 'RGI50-04.01955', 'RGI50-04.01956', 'RGI50-04.01957', 'RGI50-04.01958', 'RGI50-04.01959', 'RGI50-04.01960', 'RGI50-04.01961', 'RGI50-04.01962', 'RGI50-04.01963', 'RGI50-04.01964', 'RGI50-04.01965', 'RGI50-04.01966', 'RGI50-04.01967', 'RGI50-04.01968', 'RGI50-04.01969', 'RGI50-04.01970', 'RGI50-04.01971', 'RGI50-04.01972', 'RGI50-04.01973', 'RGI50-04.01974', 'RGI50-04.01975', 'RGI50-04.01977', 'RGI50-04.01978', 'RGI50-04.01979', 'RGI50-04.01980', 'RGI50-04.01981', 'RGI50-04.01982', 'RGI50-04.01983', 'RGI50-04.01984', 'RGI50-04.01985', 'RGI50-04.01986', 'RGI50-04.01987', 'RGI50-04.01988', 'RGI50-04.01989', 'RGI50-04.01990', 'RGI50-04.01991', 'RGI50-04.01992', 'RGI50-04.01993', 'RGI50-04.01994', 'RGI50-04.01995', 'RGI50-04.01996', 'RGI50-04.01997', 'RGI50-04.01998', 'RGI50-04.01999', 'RGI50-04.02001', 'RGI50-04.02002', 'RGI50-04.02003', 'RGI50-04.02004', 'RGI50-04.02005', 'RGI50-04.02006', 'RGI50-04.02007', 'RGI50-04.02008', 'RGI50-04.02009', 'RGI50-04.02010', 'RGI50-04.02011', 'RGI50-04.02012', 'RGI50-04.02013', 'RGI50-04.02014', 'RGI50-04.02015', 'RGI50-04.02016', 'RGI50-04.02018', 'RGI50-04.02019', 'RGI50-04.02020', 'RGI50-04.02021', 'RGI50-04.02022', 'RGI50-04.02023', 'RGI50-04.02024', 'RGI50-04.02025', 'RGI50-04.02026', 'RGI50-04.02027', 'RGI50-04.02028', 'RGI50-04.02029', 'RGI50-04.02030', 'RGI50-04.02031', 'RGI50-04.02032', 'RGI50-04.02033', 'RGI50-04.02034', 'RGI50-04.02035', 'RGI50-04.02036', 'RGI50-04.02037', 'RGI50-04.02038', 'RGI50-04.02039', 'RGI50-04.02040', 'RGI50-04.02041', 'RGI50-04.02042', 'RGI50-04.02043', 'RGI50-04.02044', 'RGI50-04.02045', 'RGI50-04.02046', 'RGI50-04.02047', 'RGI50-04.02048', 'RGI50-04.02049', 'RGI50-04.02050', 'RGI50-04.02051', 'RGI50-04.02052', 'RGI50-04.02053', 'RGI50-04.02054', 'RGI50-04.02055', 'RGI50-04.02056', 'RGI50-04.02057', 'RGI50-04.02058', 'RGI50-04.02059', 'RGI50-04.02060', 'RGI50-04.02061', 'RGI50-04.02062', 'RGI50-04.02063', 'RGI50-04.02064', 'RGI50-04.02065', 'RGI50-04.02066', 'RGI50-04.02067', 'RGI50-04.02068', 'RGI50-04.02069', 'RGI50-04.02070', 'RGI50-04.02071', 'RGI50-04.02072', 'RGI50-04.02073', 'RGI50-04.02074', 'RGI50-04.02075', 'RGI50-04.02076', 'RGI50-04.02077', 'RGI50-04.02078', 'RGI50-04.02079', 'RGI50-04.02080', 'RGI50-04.02081', 'RGI50-04.02082', 'RGI50-04.02083', 'RGI50-04.02084', 'RGI50-04.02085', 'RGI50-04.02086', 'RGI50-04.02087', 'RGI50-04.02088', 'RGI50-04.02089', 'RGI50-04.02090', 'RGI50-04.02091', 'RGI50-04.02092', 'RGI50-04.02093', 'RGI50-04.02094', 'RGI50-04.02095', 'RGI50-04.02096', 'RGI50-04.02097', 'RGI50-04.02098', 'RGI50-04.02099', 'RGI50-04.02100', 'RGI50-04.02101', 'RGI50-04.02102', 'RGI50-04.02103', 'RGI50-04.02104', 'RGI50-04.02105', 'RGI50-04.02106', 'RGI50-04.02107', 'RGI50-04.02108', 'RGI50-04.02109', 'RGI50-04.02110', 'RGI50-04.02111', 'RGI50-04.02112', 'RGI50-04.02113', 'RGI50-04.02114', 'RGI50-04.02115', 'RGI50-04.02116', 'RGI50-04.02117', 'RGI50-04.02120', 'RGI50-04.02121', 'RGI50-04.02122', 'RGI50-04.02123', 'RGI50-04.02124', 'RGI50-04.02125', 'RGI50-04.02126', 'RGI50-04.02127', 'RGI50-04.02128', 'RGI50-04.02129', 'RGI50-04.02130', 'RGI50-04.02131', 'RGI50-04.02132', 'RGI50-04.02133', 'RGI50-04.02134', 'RGI50-04.02135', 'RGI50-04.02136', 'RGI50-04.02137', 'RGI50-04.02138', 'RGI50-04.02139', 'RGI50-04.02140', 'RGI50-04.02141', 'RGI50-04.02142', 'RGI50-04.02143', 'RGI50-04.02144', 'RGI50-04.02145', 'RGI50-04.02146', 'RGI50-04.02147', 'RGI50-04.02148', 'RGI50-04.02149', 'RGI50-04.02151', 'RGI50-04.02152', 'RGI50-04.02153', 'RGI50-04.02154', 'RGI50-04.02155', 'RGI50-04.02156', 'RGI50-04.02158', 'RGI50-04.02159', 'RGI50-04.02160', 'RGI50-04.02161', 'RGI50-04.02162', 'RGI50-04.02163', 'RGI50-04.02164', 'RGI50-04.02165', 'RGI50-04.02166', 'RGI50-04.02167', 'RGI50-04.02168', 'RGI50-04.02169', 'RGI50-04.02171', 'RGI50-04.02172', 'RGI50-04.02173', 'RGI50-04.02174', 'RGI50-04.02175', 'RGI50-04.02177', 'RGI50-04.02178', 'RGI50-04.02179', 'RGI50-04.02180', 'RGI50-04.02181', 'RGI50-04.02182', 'RGI50-04.02183', 'RGI50-04.02184', 'RGI50-04.02185', 'RGI50-04.02186', 'RGI50-04.02188', 'RGI50-04.02189', 'RGI50-04.02190', 'RGI50-04.02191', 'RGI50-04.02192', 'RGI50-04.02194', 'RGI50-04.02195', 'RGI50-04.02196', 'RGI50-04.02197', 'RGI50-04.02198', 'RGI50-04.02200', 'RGI50-04.02201', 'RGI50-04.02202', 'RGI50-04.02203', 'RGI50-04.02204', 'RGI50-04.02205', 'RGI50-04.02206', 'RGI50-04.02207', 'RGI50-04.02209', 'RGI50-04.02210', 'RGI50-04.02211', 'RGI50-04.02212', 'RGI50-04.02213', 'RGI50-04.02214', 'RGI50-04.02215', 'RGI50-04.02216', 'RGI50-04.02217', 'RGI50-04.02218', 'RGI50-04.02219', 'RGI50-04.02220', 'RGI50-04.02221', 'RGI50-04.02222', 'RGI50-04.02223', 'RGI50-04.02224', 'RGI50-04.02227', 'RGI50-04.02228', 'RGI50-04.02229', 'RGI50-04.02231', 'RGI50-04.02232', 'RGI50-04.02233', 'RGI50-04.02234', 'RGI50-04.02235', 'RGI50-04.02236', 'RGI50-04.02237', 'RGI50-04.02238', 'RGI50-04.02241', 'RGI50-04.02242', 'RGI50-04.02243', 'RGI50-04.02244', 'RGI50-04.02245', 'RGI50-04.02247', 'RGI50-04.02248', 'RGI50-04.02249', 'RGI50-04.02250', 'RGI50-04.02253', 'RGI50-04.02254', 'RGI50-04.02255', 'RGI50-04.02256', 'RGI50-04.02257', 'RGI50-04.02258', 'RGI50-04.02259', 'RGI50-04.02261', 'RGI50-04.02262', 'RGI50-04.02263', 'RGI50-04.02264', 'RGI50-04.02265', 'RGI50-04.02266', 'RGI50-04.02267', 'RGI50-04.02268', 'RGI50-04.02269', 'RGI50-04.02270', 'RGI50-04.02271', 'RGI50-04.02273', 'RGI50-04.02274', 'RGI50-04.02275', 'RGI50-04.02277', 'RGI50-04.02278', 'RGI50-04.02279', 'RGI50-04.02280', 'RGI50-04.02281', 'RGI50-04.02282', 'RGI50-04.02283', 'RGI50-04.02284', 'RGI50-04.02287', 'RGI50-04.02288', 'RGI50-04.02289', 'RGI50-04.02290', 'RGI50-04.02291', 'RGI50-04.02292', 'RGI50-04.02293', 'RGI50-04.02294', 'RGI50-04.02295', 'RGI50-04.02296', 'RGI50-04.02297', 'RGI50-04.02298', 'RGI50-04.02299', 'RGI50-04.02300', 'RGI50-04.02301', 'RGI50-04.02302', 'RGI50-04.02303', 'RGI50-04.02304', 'RGI50-04.02306', 'RGI50-04.02307', 'RGI50-04.02308', 'RGI50-04.02309', 'RGI50-04.02310', 'RGI50-04.02311', 'RGI50-04.02312', 'RGI50-04.02313', 'RGI50-04.02314', 'RGI50-04.02315', 'RGI50-04.02316', 'RGI50-04.02317', 'RGI50-04.02318', 'RGI50-04.02319', 'RGI50-04.02320', 'RGI50-04.02321', 'RGI50-04.02322', 'RGI50-04.02323', 'RGI50-04.02324', 'RGI50-04.02325', 'RGI50-04.02326', 'RGI50-04.02327', 'RGI50-04.02328', 'RGI50-04.02329', 'RGI50-04.02330', 'RGI50-04.02331', 'RGI50-04.02332', 'RGI50-04.02333', 'RGI50-04.02334', 'RGI50-04.02335', 'RGI50-04.02336', 'RGI50-04.02337', 'RGI50-04.02338', 'RGI50-04.02339', 'RGI50-04.02340', 'RGI50-04.02341', 'RGI50-04.02342', 'RGI50-04.02343', 'RGI50-04.02344', 'RGI50-04.02345', 'RGI50-04.02346', 'RGI50-04.02347', 'RGI50-04.02348', 'RGI50-04.02349', 'RGI50-04.02350', 'RGI50-04.02351', 'RGI50-04.02352', 'RGI50-04.02353', 'RGI50-04.02354', 'RGI50-04.02355', 'RGI50-04.02356', 'RGI50-04.02357', 'RGI50-04.02361', 'RGI50-04.02362', 'RGI50-04.02363', 'RGI50-04.02364', 'RGI50-04.02365', 'RGI50-04.02366', 'RGI50-04.02367', 'RGI50-04.02368', 'RGI50-04.02369', 'RGI50-04.02370', 'RGI50-04.02371', 'RGI50-04.02372', 'RGI50-04.02373', 'RGI50-04.02374', 'RGI50-04.02375', 'RGI50-04.02376', 'RGI50-04.02377', 'RGI50-04.02378', 'RGI50-04.02379', 'RGI50-04.02380', 'RGI50-04.02381', 'RGI50-04.02382', 'RGI50-04.02383', 'RGI50-04.02385', 'RGI50-04.02386', 'RGI50-04.02387', 'RGI50-04.02388', 'RGI50-04.02389', 'RGI50-04.02390', 'RGI50-04.02391', 'RGI50-04.02392', 'RGI50-04.02393', 'RGI50-04.02394', 'RGI50-04.02395', 'RGI50-04.02396', 'RGI50-04.02397', 'RGI50-04.02398', 'RGI50-04.02399', 'RGI50-04.02400', 'RGI50-04.02401', 'RGI50-04.02402', 'RGI50-04.02403', 'RGI50-04.02404', 'RGI50-04.02662', 'RGI50-04.02755', 'RGI50-04.02756', 'RGI50-04.02816', 'RGI50-04.02817', 'RGI50-04.02818', 'RGI50-04.02819', 'RGI50-04.02820', 'RGI50-04.02823', 'RGI50-04.02824', 'RGI50-04.02825', 'RGI50-04.02826', 'RGI50-04.02827', 'RGI50-04.02828', 'RGI50-04.05319', 'RGI50-04.05320', 'RGI50-04.05321', 'RGI50-04.05322', 'RGI50-04.05323', 'RGI50-04.05324', 'RGI50-04.05325', 'RGI50-04.05326', 'RGI50-04.05327', 'RGI50-04.05328', 'RGI50-04.05329', 'RGI50-04.05330', 'RGI50-04.05331', 'RGI50-04.05332', 'RGI50-04.05333', 'RGI50-04.05334', 'RGI50-04.05335', 'RGI50-04.05336', 'RGI50-04.05337', 'RGI50-04.05338', 'RGI50-04.05339', 'RGI50-04.05340', 'RGI50-04.05341', 'RGI50-04.05342', 'RGI50-04.05343', 'RGI50-04.05344', 'RGI50-04.05345', 'RGI50-04.05346', 'RGI50-04.05347', 'RGI50-04.05348', 'RGI50-04.05349', 'RGI50-04.05350', 'RGI50-04.05351', 'RGI50-04.05352', 'RGI50-04.05353', 'RGI50-04.05354', 'RGI50-04.05355', 'RGI50-04.05356', 'RGI50-04.05357', 'RGI50-04.05358', 'RGI50-04.05359', 'RGI50-04.05360', 'RGI50-04.05361', 'RGI50-04.05362', 'RGI50-04.05363', 'RGI50-04.05364', 'RGI50-04.05365', 'RGI50-04.05366', 'RGI50-04.05367', 'RGI50-04.05368', 'RGI50-04.05369', 'RGI50-04.05370', 'RGI50-04.05371', 'RGI50-04.05372', 'RGI50-04.05373', 'RGI50-04.05374', 'RGI50-04.05375', 'RGI50-04.05376', 'RGI50-04.05377', 'RGI50-04.05378', 'RGI50-04.05379', 'RGI50-04.05380', 'RGI50-04.05381', 'RGI50-04.05382', 'RGI50-04.05383', 'RGI50-04.05384', 'RGI50-04.05385', 'RGI50-04.05386', 'RGI50-04.05387', 'RGI50-04.05388', 'RGI50-04.05389', 'RGI50-04.05390', 'RGI50-04.05391', 'RGI50-04.05392', 'RGI50-04.05393', 'RGI50-04.05394', 'RGI50-04.05395', 'RGI50-04.05396', 'RGI50-04.05397', 'RGI50-04.05398', 'RGI50-04.05399', 'RGI50-04.05400', 'RGI50-04.05401', 'RGI50-04.05402', 'RGI50-04.05403', 'RGI50-04.05404', 'RGI50-04.05405', 'RGI50-04.05406', 'RGI50-04.05407', 'RGI50-04.05408', 'RGI50-04.05409', 'RGI50-04.05410', 'RGI50-04.05411', 'RGI50-04.05412', 'RGI50-04.05413', 'RGI50-04.05414', 'RGI50-04.05415', 'RGI50-04.05416', 'RGI50-04.05417', 'RGI50-04.05418', 'RGI50-04.05421', 'RGI50-04.05422', 'RGI50-04.05423', 'RGI50-04.05424', 'RGI50-04.05425', 'RGI50-04.05426', 'RGI50-04.05427', 'RGI50-04.05428', 'RGI50-04.05429', 'RGI50-04.05430', 'RGI50-04.05431', 'RGI50-04.05432', 'RGI50-04.05433', 'RGI50-04.05434', 'RGI50-04.05435', 'RGI50-04.05436', 'RGI50-04.05437', 'RGI50-04.05438', 'RGI50-04.05439', 'RGI50-04.05440', 'RGI50-04.05441', 'RGI50-04.05442', 'RGI50-04.05443', 'RGI50-04.05444', 'RGI50-04.05445', 'RGI50-04.05446', 'RGI50-04.05447', 'RGI50-04.05448', 'RGI50-04.05449', 'RGI50-04.05450', 'RGI50-04.05451', 'RGI50-04.05452', 'RGI50-04.05453', 'RGI50-04.05454', 'RGI50-04.05455', 'RGI50-04.05456', 'RGI50-04.05457', 'RGI50-04.05458', 'RGI50-04.05459', 'RGI50-04.05460', 'RGI50-04.05461', 'RGI50-04.05462', 'RGI50-04.05463', 'RGI50-04.05464', 'RGI50-04.05465', 'RGI50-04.05466', 'RGI50-04.05467', 'RGI50-04.05468', 'RGI50-04.05469', 'RGI50-04.05470', 'RGI50-04.05471', 'RGI50-04.05472', 'RGI50-04.05473', 'RGI50-04.05474', 'RGI50-04.05475', 'RGI50-04.05476', 'RGI50-04.05477', 'RGI50-04.05478', 'RGI50-04.05479', 'RGI50-04.05480', 'RGI50-04.05481', 'RGI50-04.05482', 'RGI50-04.05483', 'RGI50-04.05484', 'RGI50-04.05486', 'RGI50-04.05487', 'RGI50-04.05488', 'RGI50-04.05489', 'RGI50-04.05490', 'RGI50-04.05491', 'RGI50-04.05492', 'RGI50-04.05493', 'RGI50-04.05494', 'RGI50-04.05495', 'RGI50-04.05496', 'RGI50-04.05497', 'RGI50-04.05498', 'RGI50-04.05499', 'RGI50-04.05500', 'RGI50-04.05501', 'RGI50-04.05502', 'RGI50-04.05503', 'RGI50-04.05504', 'RGI50-04.05505', 'RGI50-04.05506', 'RGI50-04.05507', 'RGI50-04.05508', 'RGI50-04.05509', 'RGI50-04.05510', 'RGI50-04.05511', 'RGI50-04.05512', 'RGI50-04.05513', 'RGI50-04.05514', 'RGI50-04.05515', 'RGI50-04.05516', 'RGI50-04.05517', 'RGI50-04.05518', 'RGI50-04.05519', 'RGI50-04.05520', 'RGI50-04.05521', 'RGI50-04.05522', 'RGI50-04.05523', 'RGI50-04.05524', 'RGI50-04.05525', 'RGI50-04.05526', 'RGI50-04.05527', 'RGI50-04.05528', 'RGI50-04.05529', 'RGI50-04.05530', 'RGI50-04.05531', 'RGI50-04.05532', 'RGI50-04.05533', 'RGI50-04.05534', 'RGI50-04.05535', 'RGI50-04.05536', 'RGI50-04.05537', 'RGI50-04.05538', 'RGI50-04.05539', 'RGI50-04.05540', 'RGI50-04.05541', 'RGI50-04.05542', 'RGI50-04.05543', 'RGI50-04.05544', 'RGI50-04.05545', 'RGI50-04.05546', 'RGI50-04.05547', 'RGI50-04.05548', 'RGI50-04.05549', 'RGI50-04.05550', 'RGI50-04.05551', 'RGI50-04.05552', 'RGI50-04.05553', 'RGI50-04.05554', 'RGI50-04.05555', 'RGI50-04.05556', 'RGI50-04.05557', 'RGI50-04.05558', 'RGI50-04.05559', 'RGI50-04.05560', 'RGI50-04.05561', 'RGI50-04.05562', 'RGI50-04.05563', 'RGI50-04.05564', 'RGI50-04.05565', 'RGI50-04.05566', 'RGI50-04.05567', 'RGI50-04.05568', 'RGI50-04.05569', 'RGI50-04.05570', 'RGI50-04.05571', 'RGI50-04.05572', 'RGI50-04.05573', 'RGI50-04.05574', 'RGI50-04.05575', 'RGI50-04.05576', 'RGI50-04.05577', 'RGI50-04.05578', 'RGI50-04.05579', 'RGI50-04.05580', 'RGI50-04.05581', 'RGI50-04.05582', 'RGI50-04.05583', 'RGI50-04.05584', 'RGI50-04.05585', 'RGI50-04.05586', 'RGI50-04.05587', 'RGI50-04.05588', 'RGI50-04.05589', 'RGI50-04.05590', 'RGI50-04.05591', 'RGI50-04.05592', 'RGI50-04.05593', 'RGI50-04.05594', 'RGI50-04.05595', 'RGI50-04.05596', 'RGI50-04.05597', 'RGI50-04.05598', 'RGI50-04.05599', 'RGI50-04.05600', 'RGI50-04.05601', 'RGI50-04.05602', 'RGI50-04.05603', 'RGI50-04.05604', 'RGI50-04.05605', 'RGI50-04.05606', 'RGI50-04.05607', 'RGI50-04.05608', 'RGI50-04.05609', 'RGI50-04.05610', 'RGI50-04.05611', 'RGI50-04.05612', 'RGI50-04.05613', 'RGI50-04.05614', 'RGI50-04.05615', 'RGI50-04.05616', 'RGI50-04.05617', 'RGI50-04.05618', 'RGI50-04.05619', 'RGI50-04.05620', 'RGI50-04.05621', 'RGI50-04.05622', 'RGI50-04.05623', 'RGI50-04.05624', 'RGI50-04.05625', 'RGI50-04.05626', 'RGI50-04.05627', 'RGI50-04.05628', 'RGI50-04.05629', 'RGI50-04.05630', 'RGI50-04.05631', 'RGI50-04.05632', 'RGI50-04.05633', 'RGI50-04.05634', 'RGI50-04.05635', 'RGI50-04.05636', 'RGI50-04.05637', 'RGI50-04.05638', 'RGI50-04.05639', 'RGI50-04.05640', 'RGI50-04.05641', 'RGI50-04.05642', 'RGI50-04.05643', 'RGI50-04.05644', 'RGI50-04.05645', 'RGI50-04.05646', 'RGI50-04.05647', 'RGI50-04.05648', 'RGI50-04.05649', 'RGI50-04.05650', 'RGI50-04.05651', 'RGI50-04.05652', 'RGI50-04.05653', 'RGI50-04.05654', 'RGI50-04.05655', 'RGI50-04.05656', 'RGI50-04.05657', 'RGI50-04.05658', 'RGI50-04.05659', 'RGI50-04.05660', 'RGI50-04.05661', 'RGI50-04.05662', 'RGI50-04.05663', 'RGI50-04.05664', 'RGI50-04.05665', 'RGI50-04.05666', 'RGI50-04.05667', 'RGI50-04.05668', 'RGI50-04.05669', 'RGI50-04.05670', 'RGI50-04.05671', 'RGI50-04.05672', 'RGI50-04.05673', 'RGI50-04.05674', 'RGI50-04.05675', 'RGI50-04.05676', 'RGI50-04.05677', 'RGI50-04.05678', 'RGI50-04.05679', 'RGI50-04.05680', 'RGI50-04.05681', 'RGI50-04.05682', 'RGI50-04.05683', 'RGI50-04.05684', 'RGI50-04.05685', 'RGI50-04.05686', 'RGI50-04.05687', 'RGI50-04.05688', 'RGI50-04.05689', 'RGI50-04.05690', 'RGI50-04.05691', 'RGI50-04.05692', 'RGI50-04.05693', 'RGI50-04.05694', 'RGI50-04.05695', 'RGI50-04.05696', 'RGI50-04.05697', 'RGI50-04.05698', 'RGI50-04.05699', 'RGI50-04.05700', 'RGI50-04.05701', 'RGI50-04.05702', 'RGI50-04.05703', 'RGI50-04.05704', 'RGI50-04.05705', 'RGI50-04.05706', 'RGI50-04.05707', 'RGI50-04.05708', 'RGI50-04.05709', 'RGI50-04.05710', 'RGI50-04.05711', 'RGI50-04.05712', 'RGI50-04.05713', 'RGI50-04.05714', 'RGI50-04.05715', 'RGI50-04.05716', 'RGI50-04.05717', 'RGI50-04.05718', 'RGI50-04.05719', 'RGI50-04.05720', 'RGI50-04.05721', 'RGI50-04.05722', 'RGI50-04.05723', 'RGI50-04.05724', 'RGI50-04.05725', 'RGI50-04.05726', 'RGI50-04.05727', 'RGI50-04.05728', 'RGI50-04.05729', 'RGI50-04.05730', 'RGI50-04.05731', 'RGI50-04.05732', 'RGI50-04.05733', 'RGI50-04.05734', 'RGI50-04.05735', 'RGI50-04.05736', 'RGI50-04.05737', 'RGI50-04.05738', 'RGI50-04.05739', 'RGI50-04.05740', 'RGI50-04.05741', 'RGI50-04.05742', 'RGI50-04.05743', 'RGI50-04.05744', 'RGI50-04.05745', 'RGI50-04.05746', 'RGI50-04.05747', 'RGI50-04.05748', 'RGI50-04.05749', 'RGI50-04.05750', 'RGI50-04.05751', 'RGI50-04.05752', 'RGI50-04.05753', 'RGI50-04.05754', 'RGI50-04.05755', 'RGI50-04.05756', 'RGI50-04.05757', 'RGI50-04.05758', 'RGI50-04.05759', 'RGI50-04.05760', 'RGI50-04.05761', 'RGI50-04.05762', 'RGI50-04.05763', 'RGI50-04.05764', 'RGI50-04.05765', 'RGI50-04.05766', 'RGI50-04.05767', 'RGI50-04.05768', 'RGI50-04.05769', 'RGI50-04.05770', 'RGI50-04.05771', 'RGI50-04.05772', 'RGI50-04.05773', 'RGI50-04.05774', 'RGI50-04.05775', 'RGI50-04.05776', 'RGI50-04.05777', 'RGI50-04.05778', 'RGI50-04.05779', 'RGI50-04.06850', 'RGI50-04.06851', 'RGI50-04.06852', 'RGI50-04.06853'];5960.0;8681.348;45.6602013423;67.3;-66.1;;270.0;1609200.0;True;"Very difficult case; No exact outlines known, just a rough estimate from Zdanowicz et al. 1998"
4;208;Barnes Ice Cap;['RGI50-04.06181', 'RGI50-04.06182', 'RGI50-04.06183', 'RGI50-04.06184', 'RGI50-04.06185', 'RGI50-04.06186', 'RGI50-04.06187', 'RGI50-04.06188'];5936.0;5862.72;-1.23450134771;70.0;-73.5;;267.0;1584912.0;True;Outline e.g. from Mahaffy 1976
5;510;Vestfonna;['RGI50-07.00032', 'RGI50-07.00033', 'RGI50-07.00034', 'RGI50-07.00035', 'RGI50-07.00036', 'RGI50-07.00037', 'RGI50-07.00038', 'RGI50-07.00039', 'RGI50-07.00040', 'RGI50-07.00041', 'RGI50-07.00042', 'RGI50-07.00043', 'RGI50-07.00044', 'RGI50-07.00045', 'RGI50-07.00051', 'RGI50-07.00052', 'RGI50-07.00053', 'RGI50-07.00054', 'RGI50-07.01449', 'RGI50-07.01477', 'RGI50-07.01488', 'RGI50-07.01499', 'RGI50-07.01510', 'RGI50-07.01523', 'RGI50-07.01534', 'RGI50-07.01545', 'RGI50-07.01557'];2402.0;2377.381;-1.02493755204;79.9409;20.8027;413.0;186.0;446772.0;True;Look also at duplicate GlaThiDa-ID:167. Outlines from Pettersson et al. 2011
6;172;Wilczek Land;['RGI50-09.00740', 'RGI50-09.00741', 'RGI50-09.00742', 'RGI50-09.00743', 'RGI50-09.00744', 'RGI50-09.00745', 'RGI50-09.00746', 'RGI50-09.00747', 'RGI50-09.00748', 'RGI50-09.00749', 'RGI50-09.00750', 'RGI50-09.00992', 'RGI50-09.00993', 'RGI50-09.00994', 'RGI50-09.00995', 'RGI50-09.00996', 'RGI50-09.00997', 'RGI50-09.00998'];1855.3;1815.716;-2.13356330513;80.5833;60.5;383.0;187.0;346941.1;True;Proof by island name search and Dowdeswell et al. 1995
7;160;Åsgardfonna;['RGI50-07.00841', 'RGI50-07.00842', 'RGI50-07.00844', 'RGI50-07.00845', 'RGI50-07.00847', 'RGI50-07.00848', 'RGI50-07.00849', 'RGI50-07.00854', 'RGI50-07.00855', 'RGI50-07.00856', 'RGI50-07.00857', 'RGI50-07.00858', 'RGI50-07.00859', 'RGI50-07.00860', 'RGI50-07.00861', 'RGI50-07.00862', 'RGI50-07.00866', 'RGI50-07.00868', 'RGI50-07.00870', 'RGI50-07.00871', 'RGI50-07.00880', 'RGI50-07.01367', 'RGI50-07.01368', 'RGI50-07.01426', 'RGI50-07.01497', 'RGI50-07.01498'];1740.0;1533.421;-11.8723563218;79.5851;16.6261;350.0;110.0;191400.0;False;Southern and western transition unclear and definitely a case for ice flow check. Rough outline from Bamber et al. 2005
8;168;Graham Bell;['RGI50-09.00807', 'RGI50-09.00984', 'RGI50-09.00985', 'RGI50-09.00986', 'RGI50-09.00987'];1196.3;1166.56;-2.48599849536;80.8664;64.2892;450.0;209.0;250026.7;True;Outline from Dowdeswell 1995
9;214;Hofsjoekull Ice Cap;['RGI50-06.00227', 'RGI50-06.00228', 'RGI50-06.00229', 'RGI50-06.00230', 'RGI50-06.00231', 'RGI50-06.00232', 'RGI50-06.00233', 'RGI50-06.00234', 'RGI50-06.00235', 'RGI50-06.00236', 'RGI50-06.00237', 'RGI50-06.00238', 'RGI50-06.00312'];923.0;889.535;-3.62567713976;64.8167;-18.8167;750.0;215.0;198445.0;True;Outline from Hall et al. 2000
10;179;Brusilov Ice Cap;['RGI50-09.00669', 'RGI50-09.00696', 'RGI50-09.00697', 'RGI50-09.00698', 'RGI50-09.00699', 'RGI50-09.00903', 'RGI50-09.00904', 'RGI50-09.01020', 'RGI50-09.01021', 'RGI50-09.01022'];889.3;972.068;9.30709546835;80.4453;49.0125;298.0;176.0;156516.8;True;Outlines from RGI5.0 (named polygons)
11;177;Moon Ice Cap;['RGI50-09.00702', 'RGI50-09.00703', 'RGI50-09.00704', 'RGI50-09.00705', 'RGI50-09.00706', 'RGI50-09.00707', 'RGI50-09.00708', 'RGI50-09.00907', 'RGI50-09.00908', 'RGI50-09.01012', 'RGI50-09.01013', 'RGI50-09.01014', 'RGI50-09.01015'];647.7;618.807;-4.46086150996;80.6339;46.5839;312.0;144.0;93268.8;True;Outlines from RGI5.0 (named polygons)
12;142;Negribreen;[];553.0;;;78.5808;19.038;385.0;184.0;101752.0;False;Unclear, a polygon for Negribreen in RGI5.0 and GLIMS is present, but has 963km2 area in both
13;324;King George Island;['RGI50-19.01920', 'RGI50-19.01921', 'RGI50-19.01922', 'RGI50-19.01923', 'RGI50-19.01924', 'RGI50-19.01925', 'RGI50-19.01926', 'RGI50-19.01927', 'RGI50-19.01928', 'RGI50-19.01929', 'RGI50-19.01930', 'RGI50-19.01931', 'RGI50-19.01932', 'RGI50-19.01933', 'RGI50-19.01934', 'RGI50-19.01935', 'RGI50-19.01936', 'RGI50-19.01937', 'RGI50-19.01938', 'RGI50-19.01939', 'RGI50-19.01940', 'RGI50-19.01941', 'RGI50-19.01942', 'RGI50-19.01943', 'RGI50-19.01944', 'RGI50-19.01945', 'RGI50-19.01946', 'RGI50-19.01947', 'RGI50-19.01948', 'RGI50-19.01949', 'RGI50-19.01950', 'RGI50-19.01951', 'RGI50-19.01952', 'RGI50-19.01953', 'RGI50-19.01954', 'RGI50-19.01955', 'RGI50-19.01956', 'RGI50-19.01957', 'RGI50-19.01958', 'RGI50-19.01959', 'RGI50-19.01960', 'RGI50-19.01961', 'RGI50-19.01962', 'RGI50-19.01963', 'RGI50-19.01964', 'RGI50-19.01965', 'RGI50-19.01966', 'RGI50-19.01967', 'RGI50-19.01968', 'RGI50-19.01969', 'RGI50-19.01970', 'RGI50-19.01971', 'RGI50-19.01972', 'RGI50-19.01973', 'RGI50-19.01974', 'RGI50-19.01975', 'RGI50-19.01976', 'RGI50-19.01977', 'RGI50-19.01978', 'RGI50-19.01979', 'RGI50-19.01980', 'RGI50-19.01981', 'RGI50-19.01982', 'RGI50-19.01983', 'RGI50-19.01984', 'RGI50-19.01985', 'RGI50-19.01986', 'RGI50-19.01987', 'RGI50-19.01988', 'RGI50-19.01989', 'RGI50-19.01990', 'RGI50-19.01991', 'RGI50-19.01992'];465.0;1056.584;127.222365591;-62.0333;-58.35;422.0;238.0;110670.0;False;Unclear as area in RGI is double as big as in GlaThiDa, data from Ruckamp 2010
14;162;Valhallfonna;['RGI50-07.00854', 'RGI50-07.00861', 'RGI50-07.00862', 'RGI50-07.00863', 'RGI50-07.00864', 'RGI50-07.00865', 'RGI50-07.00866', 'RGI50-07.00867', 'RGI50-07.00869', 'RGI50-07.01426'];410.0;509.055;24.1597560976;79.6696;17.259;350.0;105.0;43050.0;False;Unclear transition to Åsgardfonna
15;169;La Ronciere;['RGI50-09.00808', 'RGI50-09.00988', 'RGI50-09.00989', 'RGI50-09.00990', 'RGI50-09.00991'];397.3;389.115;-2.06015605336;80.9822;60.9942;310.0;174.0;69130.2;True;Outlines from RGI5.0, based on names
16;175;Rudolph;['RGI50-09.00857', 'RGI50-09.00858', 'RGI50-09.00859', 'RGI50-09.00860', 'RGI50-09.00861'];284.7;198.874;-30.1461187215;81.7672;58.56;310.0;137.0;39003.9;True;Outline from RGI5.0 (named polygons)
17;170;Eva-Liv;['RGI50-09.00856', 'RGI50-09.00902', 'RGI50-09.01064', 'RGI50-09.01065', 'RGI50-09.01066'];264.0;260.384;-1.3696969697;81.6333;63.1;310.0;156.0;41184.0;True;Outline from RGI5.0 (named polygons)
18;150;Vestre Torellbreen;['RGI50-07.00301', 'RGI50-07.01420'];217.0;312.851;44.1709677419;77.1912;15.2535;430.0;273.0;59241.0;False;From named RGI5.0, but area is 312km2
19;140;Mittag-Lefflerbreen;['RGI50-07.01487'];190.0;326.504;71.8442105263;78.8158;16.7082;540.0;170.0;32300.0;False;From named RGI5.0, but area is 326km2
20;131;Veteranen;['RGI50-07.00873'];165.0;317.587;92.476969697;79.2837;17.2692;500.0;148.0;24420.0;False;From named RGI5.0, but area is 317km2
21;138;Kongsvegen;['RGI50-07.01481'];140.0;108.297;-22.645;78.8;12.98;165.0;56.0;7840.0;False;From named RGI5.0, but area is 108km2
22;174;Rainer;['RGI50-09.01061', 'RGI50-09.01062', 'RGI50-09.00841'];131.2;130.022;-0.897865853659;81.3586;58.9914;281.0;144.0;18892.8;True;From named RGI5.0
23;143;Nordenskiöldbreen;['RGI50-07.00570'];130.0;206.313;58.7023076923;78.7;17.183;165.0;84.0;10920.0;False;From named RGI5.0, but area is 206km2 could be confused with nordenskjoeld glacier
24;178;Kropotkin Ice Cap;['RGI50-09.00701', 'RGI50-09.01016', 'RGI50-09.01017'];119.3;122.156;2.39396479464;80.6339;46.5839;240.0;121.0;14435.3;True;From named Rgi5.0 (KropotkinA)
25;194;Osbornebreen;['RGI50-07.00476', 'RGI50-07.00482'];118.0;156.839;32.9144067797;78.6544;13.1263;280.0;156.0;18408.0;False;From named RGI5.0, but area is 156km2
26;148;Sefströmbreen;['RGI50-07.00529', 'RGI50-07.00553'];110.0;133.354;21.2309090909;78.7471;13.9472;205.0;167.0;18370.0;False;From named RGI5.0, but area is 132km2
27;158;Eidembreen;['RGI50-07.00302'];103.0;144.255;40.0533980583;78.4075;13.2004;145.0;94.0;9682.0;False;From named RGI5.0, but area is 144km2
28;128;Wahlenbergbreen;['RGI50-07.00465'];96.6;119.079;23.2701863354;78.5843;13.8587;195.0;133.0;12847.8;False;From named RGI5.0, but area is 119km2
29;164;Torsfonna;[];83.0;;;79.5041;18.2782;215.0;52.0;4316.0;False;Unclear, only RGI50-07.00878 is Torsfonna SW in RGI5.0
30;146;Recherchebreen;['RGI50-07.00228'];82.0;136.418;66.3634146341;77.4368;14.8192;430.0;293.0;24026.0;False;From named RGI5.0, but area is 136km2
31;156;Holmströmbreen;['RGI50-07.00531'];77.0;111.779;45.1675324675;78.8321;14.0592;210.0;79.0;6083.0;False;From named RGI5.0, but area is 111km2
32;149;Tunabreen;['RGI50-07.01458'];77.0;163.425;112.24025974;78.497;17.4324;125.0;46.0;3542.0;False;From named RGI5.0, but area is 163km2
33;207;Meighen Ice Cap;['RGI50-03.00691'];76.0;92.926;22.2710526316;79.95;-99.13;;29.0;2204.0;False;From named RGI5.0, but area is 93km2
34;152;Fridtjovbreen;['RGI50-07.01100'];63.0;50.408;-19.9873015873;77.8449;14.4051;320.0;169.0;10647.0;True;was already manually linked before
35;218;Jostedalsbreen;[];60.0;;;61.7106;6.9242;600.0;225.0;13500.0;False;Wrong polygon distribution if I got that correctly
36;145;Orsabreen;['RGI50-07.00533'];56.0;134.647;140.441071429;78.9703;14.2748;315.0;178.0;9968.0;False;From named RGI5.0, but area is 134km2
37;157;Stubendorffbreen;['RGI50-07.00832'];55.0;98.53;79.1454545455;78.9713;16.7199;260.0;140.0;7700.0;False;From named RGI5.0, but area is 98km2
38;144;Aavatsmarkbreen;['RGI50-07.00501'];54.0;73.265;35.6759259259;78.7017;12.1419;120.0;67.0;3618.0;False;From named RGI5.0, but area is 73km2
39;141;Nansenbreen;['RGI50-07.00463'];47.0;38.089;-18.9595744681;78.3763;13.8982;120.0;70.0;3290.0;False;From named RGI5.0, but area is 38km2
40;171;Freeden;['RGI50-09.00850'];37.1;36.326;-2.08625336927;81.6255;61.9295;185.0;94.0;3487.4;False;Outline from named RGI5.0
41;133;Vestre Grönfjordbreen;['RGI50-07.01082', 'RGI50-07.01416', 'RGI50-07.01417'];36.4;32.463;-10.8159340659;77.9116;14.1991;165.0;77.0;2802.8;False;"Only probably those three; are called only Grnfjordbreen (without vestre)"
42;500;Mount Baker;['RGI50-02.01296', 'RGI50-02.01297', 'RGI50-02.01298', 'RGI50-02.01299', 'RGI50-02.01300', 'RGI50-02.01301', 'RGI50-02.01302', 'RGI50-02.01303', 'RGI50-02.01304', 'RGI50-02.01305', 'RGI50-02.13928', 'RGI50-02.13929', 'RGI50-02.13930'];35.0;42.881;22.5171428571;48.7773;-121.8132;107.0;68.0;2380.0;True;Small difference in area left:7km2 more in RGI
43;127;Bjørnbreen;[];34.9;;;77.3721;15.1641;165.0;70.0;2443.0;False;unclear
44;129;Werenskioldbreen;['RGI50-07.00246'];34.0;26.722;-21.4058823529;77.0746;15.3439;320.0;88.0;2992.0;True;Outline from named RGI5.0
45;507;Colonia;['RGI50-17.08037'];27.1;222.419;720.734317343;-47.2167;-73.1;624.0;307.0;8319.7;False;From named RGI5.0, but area is 222km2
46;137;Kantbreen;['RGI50-07.00874', 'RGI50-07.00912'];24.9;109.616;340.224899598;79.3253;17.8059;330.0;150.0;3735.0;False;From named RGI5.0, but area is 118km2
47;217;Bowles Plateau;[];21.8;;;-62.6417;-60.283;500.0;265.0;5777.0;False;No direct RGI equivalent, as explicitly the study area from Macheret et al. 2009 is meant
48;94;Findelen;['RGI50-11.02789'];19.09;14.312;-25.0288108958;46.0;7.87;;78.0;1489.02;True;has already been checked manually before
49;135;Cookbreen;['RGI50-07.00850', 'RGI50-07.00844'];18.0;40.208;123.377777778;79.2594;16.4557;310.0;196.0;3528.0;False;From named RGI5.0, but area is 36km2
50;499;Mount Adams;['RGI50-02.00574', 'RGI50-02.00583', 'RGI50-02.00584', 'RGI50-02.00586', 'RGI50-02.00588', 'RGI50-02.00589', 'RGI50-02.00590', 'RGI50-02.00593', 'RGI50-02.00595', 'RGI50-02.00597', 'RGI50-02.00599', 'RGI50-02.00600', 'RGI50-02.00601', 'RGI50-02.00602', 'RGI50-02.00603', 'RGI50-02.00605', 'RGI50-02.00606'];16.2;22.187;36.9567901235;46.2024;-121.4909;120.0;57.0;923.4;True;From unnamed RGI, all polygons around mountain
51;556;Gietro;['RGI50-11.02791'];15.7;5.421;-65.4713375796;46.0;7.380000114;291.0;67.0;1051.9;True;has already been linked manually
52;165;Foxfonna;['RGI50-07.01109', 'RGI50-07.01375', 'RGI50-07.01023'];14.8;10.974;-25.8513513514;78.1287;16.1716;120.0;34.0;503.2;True;From named RGI5.0
53;113;Austre Brøggerbreen;['RGI50-07.00504'];13.3;9.811;-26.2330827068;78.88;11.83;135.0;57.0;758.1;True;From named RGI5.0
54;204;Hazard;['RGI50-01.16316'];12.2;22.496;84.393442623;61.259;-140.366;200.0;72.0;878.4;False;Unclear, area is 22km2 and true glacier outlines unknown
55;134;Austre Grönfjorddbreen;[];12.1;;;77.916;14.3433;210.0;62.0;750.2;False;Unclear which combination of RGI polygons is meant, if there is one that fits...
56;399;Sofiyskiy Tsentral'Niy;['RGI50-10.01836'];11.72;14.718;25.5802047782;49.7894;87.7418;185.0;82.0;961.04;True;clear from combination of WGMS, Leclercq and GlaThiDa position
57;34;Lemon Creek;['RGI50-01.01104'];11.7;9.528;-18.5641025641;58.38;-134.36;200.0;66.0;772.2;True;from named RGI polygon
58;42;Davidova;[];11.32;;;42.03;80.0;;61.0;690.52;False;Perhaps Davidov is meant?
59;125;Erdmannbreen;['RGI50-07.01081'];11.2;8.972;-19.8928571429;77.8792;14.108;210.0;126.0;1411.2;True;From named RGI5.0
60;98;Gurgler;['RGI50-11.00887'];11.14;8.938;-19.7666068223;46.8;10.98;;36.0;401.04;True;Already linked before
61;109;Aldegondabreen;['RGI50-07.01079'];10.3;6.737;-34.5922330097;77.97;14.092;150.0;69.0;710.7;True;From named RGI5.0
62;333;Dokriani Glacier;['RGI50-15.07605'];9.7;6.518;-32.8041237113;30.855;78.818;120.0;30.0;291.0;True;From named RGI5.0
63;122;Suessbreen;[];9.0;;;77.4253;15.8111;130.0;60.0;540.0;False;Not explicitly in RGI as it is an eastern tributary of Penckbreen
64;557;Brenay;['RGI50-11.02819'];9.0;7.235;-19.6111111111;45.97000122;7.420000076;212.0;43.0;387.0;True;has already been linked manually
65;159;Elnabreen;['RGI50-07.00815'];8.9;22.228;149.752808989;79.1614;14.1237;180.0;69.0;614.1;False;From named RGI5.0, but area too big(22km2)
66;124;Hessbreen;['RGI50-07.00118'];7.2;5.39;-25.1388888889;77.5082;15.1125;115.0;64.0;460.8;True;From named RGI5.0
67;396;Udachny;['RGI50-10.01843'];7.05;5.18;-26.524822695;49.767;87.833;150.0;63.0;444.15;False;unclear case
68;558;Otemma;['RGI50-11.02824'];7.0;11.614;65.9142857143;45.95000076;7.449999809;144.0;43.0;301.0;True;has already been checked
69;395;Levyi Maashei;[];6.928;;;50.083;87.55;156.0;43.0;297.904;False;unclear case
70;272;Hochjochferner;['RGI50-11.00957'];6.829;3.085;-54.8250109826;46.78;10.82;100.0;36.0;245.844;True;has already been checked
71;111;Bertilbreen;['RGI50-07.00593'];6.0;3.82;-36.3333333333;78.6944;16.2654;140.0;73.0;438.0;False;From named RGI5.0, but area is 3.82km2
72;121;Revtannbreen;[];5.9;;;77.4794;15.1349;125.0;49.0;289.1;False;no explicit representation in RGI as tributary glacier of Finsterwalderbreen (Nuttall et al. 1997)
73;393;Bolshoi Taldurinskii;[];5.837;;;49.817;87.7;118.0;58.0;338.546;False;unclear case
74;220;Claridenfirn;['RGI50-11.00843'];5.64;2.404;-57.3758865248;46.8464;8.9006;300.0;39.0;219.96;True;has already been linked before
75;559;Mont Durand;['RGI50-11.02930'];5.5;6.904;25.5272727273;45.91999817;7.329999924;230.0;82.0;451.0;True;has already been linked before
76;56;Khejerdala;['RGI50-13.05651'];5.3;3.847;-27.4150943396;44.97;79.42;;54.0;286.2;False;probably right but no evidence
77;323;Hurd;['RGI50-19.02056', 'RGI50-19.02057', 'RGI50-19.02058', 'RGI50-19.02055'];4.73;6.006;26.976744186;-62.6878;-60.4015;200.0;89.0;420.97;False;not entirely sure: probably one glacier too many
78;95;Gefrorene Wand;['RGI50-11.00327'];4.59;0.03;-99.3464052288;47.0653;11.6792;;20.0;91.8;True;has already been linked before
79;292;Sulzenauferner;['RGI50-11.00541'];4.501;2.534;-43.701399689;46.98;11.15;151.0;49.0;220.549;True;has already been linked before
80;81;Panfilova;[];4.2;;;44.5821;80.2741;;49.0;205.8;False;unclear
81;43;Kara-Batkak;['RGI50-13.06359'];4.19;4.201;0.262529832936;42.1;78.3;;53.0;222.07;True;from named RGI5.0
82;2;Rabots Glaciaer;['RGI50-08.00013'];4.1;3.671;-10.4634146341;67.894;18.5344;175.0;84.0;344.4;True;from named RGI5.0
83;117;Lein;[];4.1;;;77.465;15.3287;110.0;76.0;311.6;False;unclear case
84;78;Kazanskii;[];3.8;;;44.783;79.933;;47.0;178.6;False;unclear case. COULD be RGI50-13.08362 bolshoi kazan RGI50-13.08361 malyi kazan RGI50-13.07067 glacier of same basin but not clear as quite far away
85;297;Untersulzbachkees;['RGI50-11.00068'];3.723;2.738;-26.4571582057;47.1333;12.35;219.0;94.0;349.962;True;has already been linked before
86;155;Skipperbreen;[];3.6;;;78.479;12.84;165.0;72.0;259.2;False;unclear: mentioned in one paper but not identifiable
87;100;Hallstaetter;['RGI50-11.00002'];3.58;2.292;-35.9776536313;47.48;13.62;92.0;33.0;118.14;True;has already been linked before
88;33;Easton;['RGI50-02.01305'];2.9;4.284;47.724137931;48.75;-121.83;107.0;58.0;168.2;True;from named RGI5.0
89;62;36;[];2.9;;;44.95;79.63;;54.0;156.6;False;unclear case
90;77;Bolshoy Koksaysk;[];2.8;;;44.7404;79.961;;48.0;134.4;False;unclear case
91;498;Tellbreen;['RGI50-07.01114'];2.8;3.905;39.4642857143;78.252;16.1646;;59.0;165.2;True;from named RGI5.0
92;382;Otdel'Niy;[];2.62;;;49.8;87.75;120.0;61.0;159.82;False;unclear case
93;68;Maliy Useksiy;['RGI50-13.05403'];2.6;1.595;-38.6538461538;44.5841;79.4753;;50.0;130.0;False;probably true, but no evidence
94;280;Niederjochferner;['RGI50-11.00958'];2.204;4.349;97.3230490018;46.78;10.87;98.0;31.0;68.324;True;has already been linked before
95;83;Tishkan;['RGI50-13.05267'];2.1;1.316;-37.3333333333;44.6142;80.1426;;27.0;56.7;False;probably true, but no evidence
96;115;Vøringbreen;['RGI50-07.01060'];2.1;1.137;-45.8571428571;78.0412;13.958;120.0;62.0;130.2;True;from named RGI5.0
97;21;Newton Clark;['RGI50-02.00504'];2.0;3.393;69.65;45.3667;-121.6867;73.0;20.0;40.0;True;cross-checked with https://www.topoquest.com/map.php?lat=45.36678&lon=-121.68674&datum=nad83&zoom=4
98;268;Brandner;['RGI50-11.00427'];1.651;0.04;-97.5772259237;47.06;9.6983;74.0;19.0;31.369;True;has already been linked before
99;6;Dinwoody;['RGI50-02.13948'];1.5;3.104;106.933333333;43.1667;-109.6667;111.0;55.0;82.5;True;cross-checked with https://www.topoquest.com/map.php?lat=43.17328&lon=-109.63848&datum=nad83&zoom=4
100;73;Karabulaksiy;['RGI50-13.05385'];1.5;0.738;-50.8;44.7049;79.7181;;31.0;46.5;False;probably true, but no evidence
101;306;Unteres Wurtenkees;['RGI50-11.00300'];1.3;0.209;-83.9230769231;47.0385;13.0061;;21.0;27.3;True;has already been linked
102;374;42;[];1.277;;;49.77;87.983;143.0;46.0;58.742;False;unclear case
103;409;223;[];1.27;;;49.8;87.667;113.0;62.0;78.74;False;unclear case
104;53;259;['RGI50-13.05585'];1.2;0.617;-48.5833333333;44.917;79.317;;47.0;56.4;False;probably true, but no evidence
105;12;Coe;['RGI50-02.13910'];1.2;2.119;76.5833333333;45.3833;-121.6944;88.0;43.0;51.6;True;cross-checked with https://www.topoquest.com/map.php?lat=45.38345&lon=-121.69452&datum=nad83&zoom=4
106;60;Rodina;[];1.1;;;44.95;79.57;;32.0;35.2;False;unclear case
107;72;59;[];1.0;;;44.722;79.648;;29.0;29.0;False;unclear case
108;371;Malyi Aktru;['RGI50-10.01732'];0.91;2.619;187.802197802;50.05;87.767;109.0;69.0;62.79;True;has already been linked
109;370;Malyi Korumdu;['RGI50-10.01736'];0.814;0.684;-15.9705159705;50.1;87.717;148.0;39.0;31.746;True;from GLIMS
110;32;Zigzag;['RGI50-02.13908'];0.8;2.375;196.875;45.3633;-121.7122;62.0;22.0;17.6;True;cross-checked with https://www.topoquest.com/map.php?lat=45.35262&lon=-121.70758&datum=nad83&zoom=4
111;305;Oberes Wurtenkees;['RGI50-11.00306'];0.8;0.191;-76.125;47.0344;13.0148;;8.0;6.4;True;has already been linked
112;369;134;[];0.772;;;50.12;87.667;99.0;40.0;30.88;False;unclear case
113;23;Palmer;['RGI50-02.00503'];0.13;0.993;663.846153846;45.3525;-121.7075;50.0;16.0;2.08;True;cross-checked with https://www.topoquest.com/map.php?lat=45.35262&lon=-121.70758&datum=nad83&zoom=4
0;1;Isfallsglac;['RGI50-08.02634'];1.3;1.283;-1.30769230769;67.915;18.568;220.0;72.0;93.6;True;automated correct
1;3;Storglaciaeren;['RGI50-08.02637'];3.1;3.163;2.03225806452;67.9;18.57;250.0;99.0;306.9;True;automated correct
2;8;Grinnell;['RGI50-02.13926'];1.0;1.013;1.3;48.75;-113.73;;64.0;64.0;True;automated correct
3;10;Carbon;['RGI50-02.00645'];7.9;7.917;0.215189873418;46.93;-121.78;215.0;90.0;711.0;True;automated correct
4;13;Collier;['RGI50-02.00331'];1.1;1.169;6.27272727273;44.1652;-121.7836;91.0;19.0;20.9;True;automated correct
5;14;Diller;['RGI50-02.00324'];0.7;0.588;-16.0;44.1432;-121.7739;59.0;20.0;14.0;True;automated correct
6;15;Eliot;['RGI50-02.13914'];1.7;1.664;-2.11764705882;45.3808;-121.6803;110.0;54.0;91.8;True;automated correct
7;16;Emmons;['RGI50-02.00651'];11.0;11.042;0.381818181818;46.85;-121.72;185.0;60.0;660.0;True;automated correct
8;17;Hayden;['RGI50-02.00325'];0.7;0.735;5.0;44.1524;-121.7762;65.0;26.0;18.2;True;automated correct
9;18;Ladd;['RGI50-02.13918'];0.9;0.527;-41.4444444444;45.3916;-121.7048;76.0;33.0;29.7;True;automated correct
10;22;Nisqually;['RGI50-02.00644'];4.6;4.487;-2.45652173913;46.82;-121.74;133.0;48.0;220.8;True;automated correct
11;24;Prouty;['RGI50-02.00312'];1.0;0.875;-12.5;44.1057;-121.7598;38.0;17.0;17.0;True;automated correct
12;26;Russell;['RGI50-02.00654'];3.3;3.314;0.424242424242;46.8978;-121.7889;73.0;26.0;85.8;True;automated correct
13;27;Sandy;['RGI50-02.00523'];1.2;1.411;17.5833333333;45.3797;-121.7167;61.0;21.0;25.2;True;automated correct
14;28;Tahoma North-L.;['RGI50-02.13922'];8.7;8.182;-5.95402298851;46.83;-121.82;146.0;52.0;452.4;True;automated correct
15;30;Wilson;['RGI50-02.00658'];1.4;1.677;19.7857142857;46.8219;-121.7525;88.0;38.0;53.2;True;automated correct
16;31;Winthrop;['RGI50-02.13923'];9.2;9.238;0.413043478261;46.8761;-121.7419;98.0;57.0;524.4;True;automated correct
17;39;Suyok Zapadniy;['RGI50-13.06974'];1.18;0.954;-19.1525423729;41.78;77.78;;34.0;40.12;True;automated correct
18;44;Ts.Tuyuksuyskiy;['RGI50-13.08624'];2.72;2.838;4.33823529412;43.05;77.08;;104.0;282.88;True;automated correct
19;51;252;['RGI50-13.05579'];2.0;2.652;32.6;44.883;79.285;;43.0;86.0;True;probably automated correct
20;52;Kaskabulakskii;['RGI50-13.05578'];2.8;2.905;3.75;44.883;79.317;;52.0;145.6;True;probably automated correct
21;58;Mgg;['RGI50-13.05624'];2.0;1.314;-34.3;44.97;79.53;;37.0;74.0;True;probably automated correct
22;61;Shnitnikova;['RGI50-13.05671'];2.9;2.247;-22.5172413793;44.933;79.667;;44.0;127.6;False;not right due to http://glims.colorado.edu/textsearch/glacier_map.php?glac_id=G076709E42786N (GlaThiDa coordinate wrong by two degrees) Should be the three polygons RGI50-13.10143, RGI50-13.10187 and RGI50-13.10186
23;64;41;['RGI50-13.05655'];1.0;0.685;-31.5;44.97;79.68;;37.0;37.0;False;unclear
24;66;Ashar;['RGI50-13.05710'];1.7;1.434;-15.6470588235;45.0;79.82;;51.0;86.7;True;probably automated correct
25;69;Denisov;['RGI50-13.05402'];1.0;0.689;-31.1;44.5858;79.498;;47.0;47.0;False;unclear
26;71;305;['RGI50-13.05393'];1.0;0.903;-9.7;44.7016;79.5927;;47.0;47.0;True;probably automated correct
27;74;Juytas;['RGI50-13.05376'];2.1;1.528;-27.2380952381;44.685;79.7254;;54.0;113.4;True;probably automated correct
28;75;261;['RGI50-13.05375'];1.1;0.635;-42.2727272727;44.679;79.7375;;49.0;53.9;False;unclear
29;76;Keregetas;['RGI50-13.05381'];1.7;1.169;-31.2352941176;44.6667;79.7391;;25.0;42.5;True;probably automated correct
30;80;93;['RGI50-13.05203'];0.8;0.829;3.625;44.582;80.29;;40.0;32.0;True;probably automated correct
31;82;Khorgosskiy;['RGI50-13.05200'];2.5;2.626;5.04;44.5846;80.2417;;42.0;105.0;True;probably automated correct
32;84;Majak Vostochniy;['RGI50-13.05217'];1.4;1.361;-2.78571428571;44.5723;80.172;;59.0;82.6;True;probably automated correct
33;85;125;['RGI50-13.05218'];1.9;1.702;-10.4210526316;44.5804;80.1887;;36.0;68.4;True;probably automated correct
34;87;Sagrir;['RGI50-13.05285'];1.5;1.225;-18.3333333333;44.59;80.1179;;33.0;49.5;True;probably automated correct
35;88;168;['RGI50-13.05266'];1.3;1.001;-23.0;44.6254;80.1304;;35.0;45.5;True;probably automated correct
36;89;163;['RGI50-13.05282'];0.8;0.406;-49.25;44.5927;80.1082;;29.0;23.2;True;probably automated correct
37;90;162;['RGI50-13.05283'];1.4;0.989;-29.3571428571;44.5901;80.0912;;30.0;42.0;True;probably automated correct
38;91;Shumskogo;['RGI50-13.05504'];2.82;2.341;-16.9858156028;45.08;80.23;;62.0;174.84;True;automated correct
39;93;Brandner;['RGI50-11.00408'];1.84;1.173;-36.25;47.0586;9.7003;;20.0;36.8;True;automated correct
40;97;Gr. Gosau;['RGI50-11.00003'];1.33;0.851;-36.015037594;47.48;13.6;80.0;29.0;38.57;True;automated correct
41;99;Guslar Gr.;['RGI50-11.00779'];1.76;1.375;-21.875;46.85;10.8;;49.0;86.24;True;automated correct
42;108;Zmuttgletscher;['RGI50-11.02755'];16.98;15.358;-9.55241460542;46.0;7.63;;79.0;1341.42;True;automated correct
43;110;Antoniabreen;['RGI50-07.00229'];32.0;27.098;-15.31875;77.48;14.3;350.0;125.0;4000.0;True;automated FALSE
44;112;Bogerbreen;['RGI50-07.01132'];4.5;3.463;-23.0444444444;78.1316;15.6254;145.0;67.0;301.5;True;automated correct
45;114;Vestre BrÃ¸ggerbreen;['RGI50-07.00503'];5.6;4.637;-17.1964285714;78.911;11.7267;95.0;43.0;240.8;True;automated correct
46;118;Midre Lovenbreen;['RGI50-07.00493'];5.8;5.205;-10.2586206897;78.88;12.07;150.0;64.0;371.2;True;automated correct
47;119;MÃ¤rjelenbreen;['RGI50-07.00232'];6.4;5.411;-15.453125;77.4474;15.4583;120.0;73.0;467.2;True;automated correct
48;123;Finsterwalderbr;['RGI50-07.00231'];38.0;34.04;-10.4210526316;77.483;15.25;175.0;74.0;2812.0;True;automated correct
49;126;Borebreen;['RGI50-07.00464'];120.0;110.25;-8.125;78.4417;13.9;185.0;111.0;13320.0;True;automated correct
50;130;VestgÃ¶tabreen;['RGI50-07.00312'];12.6;10.772;-14.5079365079;78.462;12.9026;145.0;100.0;1260.0;True;"automated correct; Name in RGI5.0 wrong (Hydrografbreen)"
51;132;Hydrografbreen;['RGI50-07.00311'];12.8;13.115;2.4609375;78.4552;12.7506;110.0;63.0;806.4;True;automated correct
52;136;Idabreen;['RGI50-07.00775'];11.4;12.934;13.4561403509;79.599;12.2719;100.0;68.0;775.2;True;automated correct
53;139;LÃ¸vliebreen;['RGI50-07.00305'];11.0;11.047;0.427272727273;78.4754;13.0411;165.0;99.0;1089.0;True;automated correct
54;147;Sveabreen;['RGI50-07.00474'];174.0;165.161;-5.07988505747;78.6945;13.6135;140.0;49.0;8526.0;True;automated correct
55;151;Uversbreen;['RGI50-07.00506'];74.0;66.139;-10.622972973;78.8121;12.3434;165.0;90.0;6660.0;False;automated correct, but also small polygon RGI50-07.00505 belongs to Uversbreen
56;153;Hansbreen;['RGI50-07.00240'];72.0;64.211;-10.8180555556;77.0629;15.6384;330.0;165.0;11880.0;True;automated correct
57;163;OdinjÃ¸kulen;['RGI50-07.00888'];58.0;53.329;-8.05344827586;79.5741;18.2908;120.0;39.0;2262.0;False;might also be RGI50-07.00876 and RGI50-07.00875 (area and RGI name)
58;195;Comfortlessbreen;['RGI50-07.00511'];56.4;57.86;2.58865248227;78.7649;12.1302;300.0;175.0;9870.0;True;automated correct
59;200;Upper Fremont;['RGI50-02.13921'];1.52;1.624;6.84210526316;43.1311;-109.6161;172.0;77.0;117.04;True;automated correct
60;202;Black Rapids;['RGI50-01.00037'];246.0;234.583;-4.64105691057;63.48;-146.5;603.0;235.0;57810.0;True;automated correct
61;205;Kvitoeyjoekulen;['RGI50-07.01394'];705.0;645.801;-8.3970212766;80.2139;32.6258;;200.0;141000.0;True;automated correct
62;213;Kleinfleisskees;['RGI50-11.00251'];1.26;0.796;-36.8253968254;47.05;12.95;153.0;42.0;52.92;True;automated correct
63;215;Oberes Wurtenkees;['RGI50-11.00306'];0.46;0.191;-58.4782608696;47.0344;13.0148;40.0;13.0;5.98;True;automated correct
64;216;Unteres Wurtenkees;['RGI50-11.00300'];0.38;0.209;-45.0;47.0385;13.0061;79.0;40.0;15.2;True;automated correct
65;221;Gurenhekou;['RGI50-13.28839'];1.4;1.333;-4.78571428571;30.3156;90.7708;121.0;36.0;50.4;True;automated correct
66;222;Kangwure;['RGI50-15.10263'];1.96;1.327;-32.2959183673;28.472;85.818;66.0;47.0;92.12;False;automated correct, possible that also RGI50-15.09502 is meant (area). It is named KangBure in RGI5.0, but in GLIMS it still belongs to Kangwure. For GLIMS, Kangbure is RGI50-15.10262
67;237;Mccall;['RGI50-01.02228'];6.02;6.433;6.86046511628;69.28;-143.83;;82.0;493.64;False;automated correct, 
68;239;Weissseeferner;['RGI50-11.00770'];2.697;2.485;-7.86058583611;46.85;10.72;80.0;31.0;83.607;True;automated correct
69;240;Gepatschferner;['RGI50-11.00746'];17.16;16.624;-3.12354312354;46.85;10.77;221.0;94.0;1613.04;True;automated correct
70;243;Kesselwandferner;['RGI50-11.00787'];4.052;3.965;-2.14708785785;46.8383;10.7933;155.0;79.0;320.108;True;automated correct
71;245;Mittelbergferner;['RGI50-11.00666'];9.916;9.331;-5.89955627269;46.92;10.9;188.0;53.0;525.548;True;automated correct
72;247;Gurglerferner;['RGI50-11.00887'];9.379;8.938;-4.70199381597;46.8;10.98;201.0;59.0;553.361;True;automated correct
73;248;Hallstaetter;['RGI50-11.00002'];3.041;2.292;-24.6300559027;47.482;13.615;131.0;55.0;167.255;True;automated correct
74;249;Hintereisferner;['RGI50-11.00897'];8.55;8.036;-6.01169590643;46.797;10.77;242.0;67.0;572.85;True;automated correct
75;253;Schladminger Gletscher;['RGI50-11.00006'];0.794;0.908;14.3576826196;47.47;13.63;131.0;45.0;35.73;True;automated correct
76;254;Fernauferner;['RGI50-11.00548'];1.693;1.356;-19.9054932073;46.98;11.13;178.0;37.0;62.641;True;automated correct
77;258;Stubacher Sonnblickkees;['RGI50-11.00080'];1.474;1.188;-19.4029850746;47.13;12.6;142.0;35.0;51.59;True;automated correct
78;261;Pasterze;['RGI50-11.00106'];18.38;17.774;-3.29706202394;47.1;12.7;311.0;82.0;1507.16;True;automated correct
79;262;Rettenbachferner;['RGI50-11.00648'];1.604;1.64;2.24438902743;46.937;10.933;62.0;30.0;48.12;True;automated correct
80;263;Rainerkees;['RGI50-11.00161'];3.511;3.24;-7.71859868983;47.093;12.357;78.0;43.0;150.973;True;automated correct
81;266;Bockkogelkees E;['RGI50-11.00450'];0.635;0.592;-6.77165354331;47.028;11.11;87.0;42.0;26.67;True;automated correct
82;267;Bockkogelkees W;['RGI50-11.00457'];0.522;0.467;-10.5363984674;47.023;11.102;69.0;73.0;38.106;True;automated correct
83;269;Brunnenkogelferner;['RGI50-11.00670'];1.524;1.369;-10.1706036745;46.925;10.87;56.0;27.0;41.148;True;automated correct
84;270;Gaissbergferner;['RGI50-11.00836'];1.191;1.026;-13.8539042821;46.83;11.065;99.0;34.0;40.494;True;automated correct
85;271;Hochalmkees;['RGI50-11.00303'];2.907;2.331;-19.8142414861;47.02;13.33;155.0;53.0;154.071;True;automated correct
86;273;Hornkees;['RGI50-11.00459'];2.665;2.35;-11.8198874296;47.0;11.82;111.0;28.0;74.62;True;automated correct
87;274;Jamtalferner;['RGI50-11.00781'];3.712;3.821;2.93642241379;46.8617;10.1617;119.0;52.0;193.024;True;automated correct
88;275;Langtaler Ferner;['RGI50-11.00929'];2.894;2.379;-17.795438839;46.7933;11.0167;147.0;56.0;162.064;True;automated correct
89;276;Luesener Ferner;['RGI50-11.00295'];3.105;3.25;4.66988727858;47.0867;11.1283;131.0;58.0;180.09;True;automated correct
90;277;Luesener Ferner Berglas;['RGI50-11.00343'];0.395;0.8;102.53164557;47.078;11.12;131.0;79.0;31.205;True;automated correct
91;278;Marzellferner;['RGI50-11.00958'];4.885;4.349;-10.9723643808;46.78;10.88;187.0;52.0;254.02;True;automated correct
92;279;Mullwitzkees;['RGI50-11.00190'];3.229;2.939;-8.98110870238;47.0867;12.38;78.0;39.0;125.931;True;automated correct
93;281;Nillkees;['RGI50-11.00319'];0.159;0.052;-67.2955974843;47.0517;12.4117;42.0;22.0;3.498;True;automated correct
94;283;Ochsentaler;['RGI50-11.00797'];2.523;2.354;-6.69837495046;46.855;10.105;163.0;44.0;111.012;True;automated correct
95;284;Rotmoosferner;['RGI50-11.00871'];2.878;2.574;-10.5628908965;46.8167;11.0483;104.0;32.0;92.096;True;automated correct
96;285;Schalfferner;['RGI50-11.00945'];7.656;7.148;-6.63531870428;46.78;10.93;117.0;50.0;382.8;True;automated correct
97;286;Schlatenkees;['RGI50-11.00135'];9.321;8.271;-11.2648857419;47.1122;12.3839;197.0;58.0;540.618;True;automated correct
98;287;Schmiedingerkees;['RGI50-11.00014'];1.367;0.912;-33.2845647403;47.18;12.68;70.0;19.0;25.973;True;automated correct
99;288;Schwarzenberg;['RGI50-11.00392'];1.552;1.397;-9.98711340206;47.05;11.12;107.0;40.0;62.08;True;automated correct
100;289;Schwarzensteinkees;['RGI50-11.00415'];4.126;3.584;-13.1362094038;47.02;11.85;94.0;32.0;132.032;True;automated correct
101;291;Sexegertenferner;['RGI50-11.00698'];2.157;1.738;-19.4251274919;46.9;10.8;93.0;35.0;75.495;True;automated correct
102;293;Sulztalferner;['RGI50-11.00487'];3.986;3.645;-8.55494229804;47.0;11.08;131.0;42.0;167.412;True;automated correct
103;295;Tiefenbachferner;['RGI50-11.00674'];1.109;0.945;-14.788097385;46.92;10.93;82.0;42.0;46.578;True;automated correct
104;296;Umbalkees;['RGI50-11.00278'];4.729;4.254;-10.0444068513;47.0567;12.2417;110.0;46.0;217.534;True;automated correct
105;298;Vermuntgletscher;['RGI50-11.00807'];1.843;1.677;-9.00705371677;46.8533;10.125;62.0;20.0;36.86;True;automated correct
106;299;Vernagtferner;['RGI50-11.00719'];8.839;8.559;-3.16777916054;46.877;10.817;134.0;42.0;371.238;True;automated correct
107;300;Viltragenferner;['RGI50-11.00110'];2.128;2.188;2.81954887218;47.128;12.372;129.0;39.0;82.992;True;automated correct
108;302;Waxeggkees;['RGI50-11.00469'];3.346;2.944;-12.0143454871;47.0;11.7917;83.0;30.0;100.38;True;automated correct
109;303;Windacher Ferner;['RGI50-11.00584'];0.389;0.243;-37.5321336761;46.9767;11.1;74.0;27.0;10.503;True;automated correct
110;344;Storbreen;['RGI50-08.01666'];5.4;5.207;-3.57407407407;61.57;8.13;;115.0;621.0;True;automated correct
111;345;Engabreen;['RGI50-08.00431'];39.6;42.951;8.46212121212;66.65;13.85;;205.0;8118.0;True;automated correct
112;347;Hoffellsjoekull;['RGI50-06.00466'];212.0;240.05;13.2311320755;64.48;-15.57;560.0;300.0;63600.0;True;automated correct
113;353;Rhone;['RGI50-11.01238'];15.12;15.837;4.74206349206;46.62;8.4;345.0;130.0;1965.6;True;automated correct
114;354;Silvretta;['RGI50-11.00804'];2.81;2.88;2.49110320285;46.85;10.08;121.0;60.0;168.6;True;automated correct
115;355;Unteraar;['RGI50-11.01328'];22.71;23.825;4.90973139586;46.57;8.22;369.0;176.0;3996.96;True;automated correct
116;356;Zinal;['RGI50-11.02641'];13.41;14.025;4.58612975391;46.07;7.63;174.0;61.0;818.01;True;automated correct
117;358;Sperry;['RGI50-02.01146'];1.0;1.375;37.5;48.63;-113.75;80.0;26.0;26.0;False;automated correct, but also RGI50-02.01145 due to https://www.topoquest.com/map.php?lat=48.62317&lon=-113.76056&datum=nad27&zoom=4
118;359;Austre Lovenbreen;['RGI50-07.00496'];4.6;5.016;9.04347826087;78.8712;12.1553;164.0;76.0;349.6;True;automated correct
119;362;Pizolgletscher;['RGI50-11.00638'];0.080675;0.082;1.64239231484;46.9595;9.3891;36.0;15.0;1.210125;True;automated correct
120;366;Stasher;['RGI50-10.01697'];0.24;0.439;82.9166666667;50.0872;87.7397;91.0;54.0;12.96;True;probably automated correct
121;384;Malyi Aktru;['RGI50-10.01732'];2.84;2.619;-7.78169014085;50.05;87.767;235.0;86.0;244.24;True;automated correct
122;391;Pravyi Aktru;['RGI50-10.01735'];5.15;4.412;-14.3300970874;50.06;87.717;194.0;56.0;288.4;True;automated correct
123;392;Bolshoi Maashei;['RGI50-10.01726'];5.468;5.766;5.44989027067;50.067;87.667;148.0;44.0;240.592;True;probably automated correct due to area. Actually, glacier fills whole basin http://onlinelibrary.wiley.com/doi/10.1029/2009JD012976/epdf
124;397;Jello;['RGI50-10.01738'];7.5;6.593;-12.0933333333;50.033;87.717;128.0;68.0;510.0;True;probably automated correct
125;403;138;['RGI50-10.01755'];0.73;1.022;40.0;49.933;87.75;101.0;44.0;32.12;False;unclear: Could also be neighbor glacier
126;411;108;['RGI50-10.01168'];1.62;1.193;-26.3580246914;50.0324;87.4715;125.0;77.0;124.74;True;probably automated correct
127;413;177;['RGI50-10.01841'];1.76;1.797;2.10227272727;49.817;87.55;109.0;64.0;112.64;True;probably automated correct
128;417;Universitetskiy;['RGI50-10.01062'];2.06;2.216;7.57281553398;50.05;87.533;109.0;74.0;152.44;True;probably automated correct
129;486;Schneeferner N;['RGI50-11.03974'];0.307;0.351;14.332247557;47.4139;10.972;52.0;17.0;5.219;True;automated correct
130;487;Schneeferner S;['RGI50-11.03975'];0.084;0.029;-65.4761904762;47.4;10.9736;17.0;5.0;0.42;True;automated correct
131;488;Hoellentalferner;['RGI50-11.03977'];0.223;0.223;0.0;47.4231;10.9912;52.0;12.0;2.676;True;automated correct
132;490;Watzmanngletscher;['RGI50-11.03980'];0.101;0.058;-42.5742574257;47.5543;12.9282;16.0;6.0;0.606;True;automated correct
133;497;Findelen;['RGI50-11.02789'];13.079375;14.312;9.42418884694;45.9979;7.8465;226.0;89.0;1164.064375;True;automated correct
134;509;Aldegondabreen;['RGI50-07.01079'];7.624;6.737;-11.6343126967;77.97;14.092;216.0;73.0;556.552;True;automated correct
135;517;Tortin;['RGI50-11.02611'];0.62;0.68;9.67741935484;46.083;7.312;57.0;25.0;15.5;True;automated correct
136;518;Mutt;['RGI50-11.01492'];0.37;0.449;21.3513513514;46.552;8.421;56.0;26.0;9.62;True;automated correct
137;519;Sex Rouge;['RGI50-11.02244'];0.27;0.347;28.5185185185;46.327;7.213;61.0;24.0;6.48;True;automated correct
138;520;Murtel;['RGI50-11.02024'];0.3;0.349;16.3333333333;46.409;9.825;48.0;24.0;7.2;True;automated correct
139;521;Segnas;['RGI50-11.00695'];0.38;0.666;75.2631578947;46.911;9.252;62.0;15.0;5.7;True;automated correct
140;522;Corvatsch;['RGI50-11.01962'];0.23;0.455;97.8260869565;46.418;9.824;49.0;17.0;3.91;True;automated correct
141;523;St. Anna;['RGI50-11.01367'];0.22;0.211;-4.09090909091;46.599;8.601;42.0;16.0;3.52;True;automated correct
142;524;Gurschen;['RGI50-11.01344'];0.14;0.092;-34.2857142857;46.606;8.615;43.0;15.0;2.1;True;automated correct
143;526;Schwarzbach;['RGI50-11.01376'];0.06;0.056;-6.66666666667;46.598;8.613;19.0;8.0;0.48;True;automated correct
144;555;Corbassiere;['RGI50-11.02782'];18.3;16.697;-8.75956284153;45.97999954;7.300000191;238.0;76.0;1390.8;True;automated correct
145;560;Ariebreen;['RGI50-07.00209'];0.37;0.418;12.972972973;77.026146;15.491591;82.0;30.0;11.1;True;"automated correct; typo in RGI5.0"
146;236;Nevado Coropuna;['nan'];57.3;;;-15.5167;-72.65;;81.0;4641.3;False;multiple: RGI50-16.01473 - RGI50-16.01494, RGI50-16.01607 - RGI50-16.01609 and RGI50-16.01613
147;351;Lewis;['RGI50-16.01638'];0.39;0.208;-46.6666666667;-0.15;37.3;50.0;20.0;7.8;True;
148;507;Colonia;['RGI50-17.08037'];27.1;222.419;720.734317343;-47.2167;-73.1;624.0;307.0;8319.7;False;is RGI50-17.08037, even though area is 222km2 in RGI. A part is meant (see comment in GlaThiDa
149;508;Nef;['RGI50-17.08061'];27.3;131.583;381.989010989;-47.0667;-73.25;799.0;394.0;10756.2;False;is RGI50-17.08037, even though area is 131km2 in RGI. A part is meant (see comment in GlaThiDa
150;512;Tyndall;['RGI50-17.04856'];5.5;309.688;5530.69090909;-51.17;-73.33;617.0;298.0;1639.0;False;is RGI50-17.04856, even though area is 309km2 in RGI. A part is meant (see comment in GlaThiDa
